id,type,domain,enabled,date_added,date_modified,comment
1,3,(\.|^)assessment\.com$,1,1621989262,1621989262,"fucking thieving fucks"
11,0,shareasale.com,1,1640721838,1640721838,
13,0,tags.tiqcdn.com,1,1643651784,1643651784,
14,0,mobile.pipe.aria.microsoft.com,1,1643651799,1643651799,
15,0,browser.pipe.aria.microsoft.com,1,1643651813,1643651813,
16,0,click.redditmail.com,1,1643651823,1643651823,
17,0,www.googleadservices.com,1,1643651832,1643651832,
18,0,service.maxymiser.net,1,1643651844,1643651844,
19,0,adhoc.us,1,1644859493,1644859493,
20,0,partnerapis.xwemo.com,1,1649686808,1649686808,
21,0,beacons.gcp.gvt2.com,1,1649686815,1649686815,
22,0,www.gstatic.com,1,1649686818,1649686818,
23,0,www.googletagmanager.com,1,1649686972,1649686972,
